{
  "mode": "auto",
  "input_file": "Result_DIVDE.tif",
  "seed_pairs": null,
  "target_vector": {
    "dx": 28.998746871948242,
    "dy": 0.33473101258277893
  },
  "positive_blob_count": 196,
  "negative_blob_count": 202,
  "matched_pair_count": 31,
  "confidence_counts": {
    "high_confidence": 2,
    "medium_confidence": 11,
    "low_confidence": 18
  },
  "confidence_counts_v3": {
    "high_confidence": 2,
    "medium_confidence": 11,
    "low_confidence": 18
  },
  "confidence_counts_v2": {
    "high_confidence": 10,
    "medium_confidence": 10,
    "low_confidence": 11
  },
  "seed_pair_ranks": [],
  "top10_pairs": [
    {
      "pair_id": 1,
      "rank_v3": 1,
      "pos_blob_id": 159,
      "neg_blob_id": 162,
      "pos_x": 1521.1857961713488,
      "pos_y": 1289.93203644084,
      "neg_x": 1548.3520630583107,
      "neg_y": 1290.6555514069348,
      "dx_pos_to_neg": 27.16626739501953,
      "dy_pos_to_neg": 0.723514974117279,
      "dx": 27.16626739501953,
      "dy": 0.723514974117279,
      "distance": 27.175901412963867,
      "vector_error": 1.8732682466506958,
      "pos_peak_z": 26.782533645629883,
      "neg_peak_abs_z": 28.166316986083984,
      "amplitude_balance": 0.9508709874586094,
      "area_ratio": 0.9534883720930233,
      "shape_penalty": 0.0,
      "pos_num_possible_partners": 1,
      "neg_num_possible_partners": 1,
      "num_possible_partners_pos": 1,
      "num_possible_partners_neg": 1,
      "num_possible_partners": 1,
      "aspect_ratio_pos": 1.2,
      "aspect_ratio_neg": 1.2,
      "local_contrast_score": 26.1246339299467,
      "template_score": 0.7437452575157535,
      "isolation_score": 28.214233839123583,
      "isolation_score_clipped": 3.0,
      "size_mismatch_penalty": 0.046511627906976716,
      "partner_ambiguity_penalty": 0.0,
      "elongation_penalty": 0.3999999999999999,
      "confidence_v2": "high_confidence",
      "confidence_v3": "high_confidence",
      "score_v2": 55.49070266935225,
      "score_v3": 62.965683699415266,
      "score": 62.965683699415266
    },
    {
      "pair_id": 2,
      "rank_v3": 2,
      "pos_blob_id": 64,
      "neg_blob_id": 72,
      "pos_x": 1663.7007498294931,
      "pos_y": 684.1593418837367,
      "neg_x": 1634.4487710057258,
      "neg_y": 685.7115194117167,
      "dx_pos_to_neg": -29.251977920532227,
      "dy_pos_to_neg": 1.5521775484085083,
      "dx": -29.251977920532227,
      "dy": 1.5521775484085083,
      "distance": 29.29313087463379,
      "vector_error": 1.903825044631958,
      "pos_peak_z": 5.472156524658203,
      "neg_peak_abs_z": 4.190565586090088,
      "amplitude_balance": 0.7657978289193464,
      "area_ratio": 0.208955223880597,
      "shape_penalty": 0.5833333333333333,
      "pos_num_possible_partners": 1,
      "neg_num_possible_partners": 1,
      "num_possible_partners_pos": 1,
      "num_possible_partners_neg": 1,
      "num_possible_partners": 1,
      "aspect_ratio_pos": 1.1666666666666667,
      "aspect_ratio_neg": 1.75,
      "local_contrast_score": 3.699845806931003,
      "template_score": 0.4631725304384945,
      "isolation_score": 6.077164554849184,
      "isolation_score_clipped": 3.0,
      "size_mismatch_penalty": 0.791044776119403,
      "partner_ambiguity_penalty": 0.0,
      "elongation_penalty": 0.9166666666666667,
      "confidence_v2": "high_confidence",
      "confidence_v3": "high_confidence",
      "score_v2": 8.930216191544638,
      "score_v3": 15.282906313298616,
      "score": 15.282906313298616
    },
    {
      "pair_id": 3,
      "rank_v3": 3,
      "pos_blob_id": 185,
      "neg_blob_id": 187,
      "pos_x": 993.9655578420156,
      "pos_y": 1464.7560946049477,
      "neg_x": 968.8684415779402,
      "neg_y": 1465.1240741458423,
      "dx_pos_to_neg": -25.097116470336914,
      "dy_pos_to_neg": 0.3679795265197754,
      "dx": -25.097116470336914,
      "dy": 0.3679795265197754,
      "distance": 25.09981346130371,
      "vector_error": 3.964406967163086,
      "pos_peak_z": 5.441303253173828,
      "neg_peak_abs_z": 4.557858943939209,
      "amplitude_balance": 0.8376410451449623,
      "area_ratio": 0.4,
      "shape_penalty": 0.0,
      "pos_num_possible_partners": 1,
      "neg_num_possible_partners": 1,
      "num_possible_partners_pos": 1,
      "num_possible_partners_neg": 1,
      "num_possible_partners": 1,
      "aspect_ratio_pos": 1.0,
      "aspect_ratio_neg": 1.0,
      "local_contrast_score": 4.187854336681881,
      "template_score": 0.247902428379736,
      "isolation_score": 5.205879927754055,
      "isolation_score_clipped": 3.0,
      "size_mismatch_penalty": 0.6,
      "partner_ambiguity_penalty": 0.0,
      "elongation_penalty": 0.0,
      "confidence_v2": "high_confidence",
      "confidence_v3": "medium_confidence",
      "score_v2": 9.392240803821418,
      "score_v3": 14.883850517340361,
      "score": 14.883850517340361
    },
    {
      "pair_id": 4,
      "rank_v3": 4,
      "pos_blob_id": 175,
      "neg_blob_id": 182,
      "pos_x": 1194.5384845426422,
      "pos_y": 1396.7688152274354,
      "neg_x": 1163.822266724687,
      "neg_y": 1397.172915746651,
      "dx_pos_to_neg": -30.716217041015625,
      "dy_pos_to_neg": 0.4041005074977875,
      "dx": -30.716217041015625,
      "dy": 0.4041005074977875,
      "distance": 30.718873977661133,
      "vector_error": 1.8696458339691162,
      "pos_peak_z": 5.2037353515625,
      "neg_peak_abs_z": 4.089764595031738,
      "amplitude_balance": 0.7859286298646462,
      "area_ratio": 0.375,
      "shape_penalty": 0.5,
      "pos_num_possible_partners": 1,
      "neg_num_possible_partners": 1,
      "num_possible_partners_pos": 1,
      "num_possible_partners_neg": 1,
      "num_possible_partners": 1,
      "aspect_ratio_pos": 1.5,
      "aspect_ratio_neg": 1.0,
      "local_contrast_score": 3.652013839836986,
      "template_score": 0.23222981169216303,
      "isolation_score": 4.713447678666244,
      "isolation_score_clipped": 3.0,
      "size_mismatch_penalty": 0.625,
      "partner_ambiguity_penalty": 0.0,
      "elongation_penalty": 0.5,
      "confidence_v2": "high_confidence",
      "confidence_v3": "medium_confidence",
      "score_v2": 9.118034289338972,
      "score_v3": 14.546953536107624,
      "score": 14.546953536107624
    },
    {
      "pair_id": 5,
      "rank_v3": 5,
      "pos_blob_id": 161,
      "neg_blob_id": 164,
      "pos_x": 1090.8415303400986,
      "pos_y": 1303.9876524499957,
      "neg_x": 1061.3239021321306,
      "neg_y": 1301.5654484621125,
      "dx_pos_to_neg": -29.517627716064453,
      "dy_pos_to_neg": -2.42220401763916,
      "dx": -29.517627716064453,
      "dy": -2.42220401763916,
      "distance": 29.616844177246094,
      "vector_error": 2.1509952545166016,
      "pos_peak_z": 3.9896585941314697,
      "neg_peak_abs_z": 3.992480754852295,
      "amplitude_balance": 0.9992931310395434,
      "area_ratio": 0.6666666666666666,
      "shape_penalty": 0.0,
      "pos_num_possible_partners": 1,
      "neg_num_possible_partners": 1,
      "num_possible_partners_pos": 1,
      "num_possible_partners_neg": 1,
      "num_possible_partners": 1,
      "aspect_ratio_pos": 1.0,
      "aspect_ratio_neg": 1.0,
      "local_contrast_score": 3.9882485112199646,
      "template_score": 0.2052184008863847,
      "isolation_score": 3.917257332499145,
      "isolation_score_clipped": 3.0,
      "size_mismatch_penalty": 0.33333333333333337,
      "partner_ambiguity_penalty": 0.0,
      "elongation_penalty": 0.0,
      "confidence_v2": "high_confidence",
      "confidence_v3": "medium_confidence",
      "score_v2": 8.738561317137885,
      "score_v3": 14.059434920683424,
      "score": 14.059434920683424
    },
    {
      "pair_id": 6,
      "rank_v3": 6,
      "pos_blob_id": 127,
      "neg_blob_id": 136,
      "pos_x": 894.1685280216611,
      "pos_y": 1121.9910102365939,
      "neg_x": 865.4781258903968,
      "neg_y": 1120.5025680817828,
      "dx_pos_to_neg": -28.69040298461914,